{
  "seed": 20260610,
  "bootstrap_repetitions": 50000,
  "metrics": {
    "wer": {
      "k1": {
        "n": 200,
        "delta_m0_minus_m2": 0.017152777777777777,
        "ci95_low": 0.004499950396825397,
        "ci95_high": 0.030269990079365084,
        "p_value": 0.00764
      },
      "k2": {
        "n": 116,
        "delta_m0_minus_m2": 0.02961138478379858,
        "ci95_low": 0.013734948002189383,
        "ci95_high": 0.046832324165298304,
        "p_value": 0.00012
      },
      "k3": {
        "n": 200,
        "delta_m0_minus_m2": 0.018071789321789322,
        "ci95_low": 0.0049748692279942275,
        "ci95_high": 0.03137341720779221,
        "p_value": 0.00632
      },
      "pooled": {
        "n": 516,
        "delta_m0_minus_m2": 0.020309755920221034,
        "ci95_low": 0.012225628726355471,
        "ci95_high": 0.028421900692976274,
        "p_value": 0.0
      }
    },
    "cer": {
      "k1": {
        "n": 200,
        "delta_m0_minus_m2": 0.002718611032277959,
        "ci95_low": -0.0010092010014314209,
        "ci95_high": 0.007583873034238134,
        "p_value": 0.18228
      },
      "k2": {
        "n": 116,
        "delta_m0_minus_m2": 0.005465594552134495,
        "ci95_low": 0.0024184733487258078,
        "ci95_high": 0.008656860156776223,
        "p_value": 0.00024
      },
      "k3": {
        "n": 200,
        "delta_m0_minus_m2": 0.0011497365060927297,
        "ci95_low": -0.0013067823925482223,
        "ci95_high": 0.0036064259830944603,
        "p_value": 0.36144
      },
      "pooled": {
        "n": 516,
        "delta_m0_minus_m2": 0.0027280590614762387,
        "ci95_low": 0.0008096471791230364,
        "ci95_high": 0.0049114895823185725,
        "p_value": 0.00348
      }
    }
  }
}