{
  "model": "turkmedstt/turkish-asr-readability-postprocessor-v1",
  "selected_thresholds": {
    "case": 0.8,
    "punct": 0.9,
    "edit": 0.95
  },
  "validation": {
    "case": 0.8,
    "punct": 0.9,
    "edit": 0.95,
    "rows": 3117,
    "changed": 242,
    "improved": 216,
    "worsened": 5,
    "correct_input_corrupted": 0,
    "baseline_wer": 0.059513356432056456,
    "prediction_wer": 0.04000326941715727,
    "baseline_cer": 0.00910023091645179,
    "prediction_cer": 0.0059490601405155705
  },
  "test": {
    "case": 0.8,
    "punct": 0.9,
    "edit": 0.95,
    "rows": 3191,
    "changed": 253,
    "improved": 221,
    "worsened": 5,
    "correct_input_corrupted": 0,
    "baseline_wer": 0.06179230883961088,
    "prediction_wer": 0.04280692577833439,
    "baseline_cer": 0.009398204568351035,
    "prediction_cer": 0.006313591546782384
  },
  "eligible_candidates": 48
}
