{
  "model": "turkmedstt/turkish-medical-asr-readability-postprocessor-v2",
  "selected_thresholds": {
    "case": 0.8,
    "punct": 0.8,
    "edit": 0.9
  },
  "validation": {
    "case": 0.8,
    "punct": 0.8,
    "edit": 0.9,
    "rows": 196,
    "changed": 196,
    "improved": 191,
    "worsened": 0,
    "correct_input_corrupted": 0,
    "baseline_wer": 0.3037386508049775,
    "prediction_wer": 0.17031112311724558,
    "baseline_cer": 0.05191754482065101,
    "prediction_cer": 0.032066151276013165
  },
  "test": {
    "case": 0.8,
    "punct": 0.8,
    "edit": 0.9,
    "rows": 136,
    "changed": 136,
    "improved": 127,
    "worsened": 0,
    "correct_input_corrupted": 0,
    "baseline_wer": 0.31105990618858287,
    "prediction_wer": 0.18352122754696268,
    "baseline_cer": 0.05490955278671615,
    "prediction_cer": 0.03547038494051258
  },
  "eligible_candidates": 64
}
